{"_timestamp": 1731403287.377259, "_runtime": 1356.50551064, "_step": 599, "train_loss": 0.17333836601357216, "epoch": 199, "Simu_F1": 0.9666666666666667, "Simu_Mcc": 0.9314285714285714, "simu_valid_loss": 0.10214586051491399, "Simu_Acc": 0.9666666666666667, "Simu_positive": 0.4166666666666667, "Simu_AUC": 0.9954285714285714, "Real_valid_loss": 1.536026568384841, "AUC": 0.8129445234708393, "Mcc": 0, "positive": 0.6607142857142857, "Acc": 0.6607142857142857, "F1": 0.5257296466973888}