{"train_loss": 0.1396985999653461, "epoch": 31, "_timestamp": 1731404954.0478423, "_runtime": 495.505896657, "_step": 95, "simu_valid_loss": 0.11601340351626277, "Simu_Acc": 0.9333333333333333, "Simu_F1": 0.9328703703703703, "Simu_Mcc": 0.8633511387920038, "Simu_positive": 0.4166666666666667, "Simu_AUC": 0.9965714285714286, "Real_valid_loss": 1.7445599259476043, "Acc": 0.44642857142857145, "Mcc": 0.18476851073831602, "AUC": 0.7667140825035562, "F1": 0.38785832741056625, "positive": 0.6607142857142857}