{"train_loss": 0.44637881097744925, "epoch": 49, "_timestamp": 1730954725.5088356, "_runtime": 19.130976103, "_step": 99, "test_loss": 0.4210617733853204, "Acc": 0.8571428571428571, "F1": 0.8571428571428571, "positive": 0.5714285714285714, "AUC": 0.75, "Mcc": 0.75}