{"epoch": 199, "_timestamp": 1731659344.522805, "_runtime": 1366.019188837, "_step": 599, "train_loss": 0.17333836601357216, "Simu_AUC": 0.9954285714285714, "Simu_F1": 0.9666666666666667, "Simu_positive": 0.4166666666666667, "simu_valid_loss": 0.10214586051491399, "Simu_Acc": 0.9666666666666667, "Simu_Mcc": 0.9314285714285714, "F1": 0.5257296466973888, "Mcc": 0, "Real_valid_loss": 1.536026568384841, "Acc": 0.6607142857142857, "AUC": 0.8129445234708393, "positive": 0.6607142857142857}