{"train_loss": 0.4432738633180151, "epoch": 49, "_timestamp": 1730954685.206535, "_runtime": 16.7756251, "_step": 99, "AUC": 1, "Mcc": 0.7302967433402214, "test_loss": 0.38940259175641195, "Acc": 0.8571428571428571, "F1": 0.8507936507936508, "positive": 0.5714285714285714}