{"_timestamp": 1731496244.2672098, "_runtime": 3168.827668344, "_step": 599, "train_loss": 0.08020257577127604, "epoch": 199, "Simu_AUC": 0.9942857142857143, "Simu_F1": 0.9498419085944237, "Simu_Mcc": 0.8970852271450604, "Simu_positive": 0.4166666666666667, "simu_valid_loss": 0.1105869996206214, "Simu_Acc": 0.95, "AUC": 0.8093883357041252, "Mcc": 0.4148728575225928, "F1": 0.7044774374561609, "positive": 0.6607142857142857, "Real_valid_loss": 0.7774320332599538, "Acc": 0.6964285714285714}