{"_step": 99, "train_loss": 0.6439452992410076, "epoch": 49, "_timestamp": 1730954745.5976884, "_runtime": 19.066420172, "Acc": 0.7142857142857143, "AUC": 0.8, "F1": 0.5952380952380951, "Mcc": 0, "positive": 0.7142857142857143, "test_loss": 0.6022643787520272}