{"train_loss": 0.14908709874704343, "epoch": 199, "_timestamp": 1731662410.4498231, "_runtime": 1329.897098852, "_step": 599, "simu_valid_loss": 0.14037819504737853, "Simu_F1": 0.9328703703703703, "Simu_Mcc": 0.8633511387920038, "Simu_positive": 0.4166666666666667, "Simu_Acc": 0.9333333333333333, "Simu_AUC": 0.9931428571428571, "Acc": 0.7321428571428571, "positive": 0.6607142857142857, "AUC": 0.8036984352773826, "F1": 0.7134749957330602, "Mcc": 0.36110047278587576, "Real_valid_loss": 0.8208483698295562}