{"_step": 40, "train_loss": 0.2838382635797773, "epoch": 20, "_timestamp": 1730955059.7038114, "_runtime": 8.039167613, "test_loss": 0.6559885910579136, "AUC": 0.1, "Mcc": 0, "Acc": 0.7142857142857143, "F1": 0.5952380952380951, "positive": 0.7142857142857143}