{"_runtime": 19.126772527, "_step": 99, "train_loss": 0.5243552169021295, "epoch": 49, "_timestamp": 1730954705.356195, "AUC": 1, "test_loss": 0.36428460691656384, "Acc": 1, "F1": 1, "Mcc": 1, "positive": 0.5714285714285714}