{"train_loss": 0.11930794968545713, "epoch": 136, "_timestamp": 1733157011.8419983, "_runtime": 11297.379627713, "_step": 1610, "simu_valid_loss": 0.047900827368721366, "Simu_Acc": 0.9833333333333333, "Simu_Mcc": 0.9664708656063742, "Simu_AUC": 1, "Simu_F1": 0.9833759590792839, "Simu_positive": 0.4166666666666667, "Acc": 0.6428571428571429, "AUC": 0.7624466571834992, "Real_valid_loss": 1.3054798427037895, "F1": 0.517080745341615, "Mcc": -0.0966261317481422, "positive": 0.6607142857142857}